M1_P1,M1_P2,M2_P1,M2_P2
0.000000000000000000e+00,0.000000000000000000e+00,0.000000000000000000e+00,0.000000000000000000e+00
7.192708975305346364e-01,5.000000000000000000e-01,0.000000000000000000e+00,0.000000000000000000e+00
8.187264105065997777e-01,5.000000000000000000e-01,0.000000000000000000e+00,0.000000000000000000e+00
8.696111573564406783e-01,5.000000000000000000e-01,0.000000000000000000e+00,0.000000000000000000e+00
8.130772890387129026e-01,5.000000000000000000e-01,0.000000000000000000e+00,0.000000000000000000e+00
8.664292463209629647e-01,5.000000000000000000e-01,0.000000000000000000e+00,0.000000000000000000e+00
8.617210869547514696e-01,5.000000000000000000e-01,0.000000000000000000e+00,0.000000000000000000e+00
8.245597483794002702e-01,5.000000000000000000e-01,0.000000000000000000e+00,0.000000000000000000e+00
8.243789342812647414e-01,5.000000000000000000e-01,0.000000000000000000e+00,0.000000000000000000e+00
8.243789342812647414e-01,5.000000000000000000e-01,-1.147999352855630706e+00,2.000000000000000000e+00
8.243789342812647414e-01,5.000000000000000000e-01,-1.149337800469657500e+00,2.000000000000000000e+00
8.243789342812647414e-01,5.000000000000000000e-01,-1.146566402598818257e+00,2.000000000000000000e+00
8.243789342812647414e-01,5.000000000000000000e-01,-1.070575962032322304e+00,2.000000000000000000e+00
8.243789342812647414e-01,5.000000000000000000e-01,-1.116399394114135468e+00,2.000000000000000000e+00
8.243789342812647414e-01,5.000000000000000000e-01,-1.108287793487361172e+00,2.000000000000000000e+00
8.243789342812647414e-01,5.000000000000000000e-01,-1.093451758986083933e+00,2.000000000000000000e+00
8.243789342812647414e-01,5.000000000000000000e-01,-1.060087760247265365e+00,2.000000000000000000e+00
8.243789342812647414e-01,5.000000000000000000e-01,-1.149041153652295533e+00,2.000000000000000000e+00
8.243789342812647414e-01,5.000000000000000000e-01,-1.077505220661159280e+00,2.000000000000000000e+00
8.243789342812647414e-01,5.000000000000000000e-01,-1.020601711009288426e+00,2.000000000000000000e+00
9.610084624959865929e-01,5.000000000000000000e-01,-1.020601711009288426e+00,2.000000000000000000e+00
9.978377515564016420e-01,5.000000000000000000e-01,-1.020601711009288426e+00,2.000000000000000000e+00
1.007192605158123477e+00,5.000000000000000000e-01,-1.020601711009288426e+00,2.000000000000000000e+00
1.015415529270908834e+00,5.000000000000000000e-01,-1.020601711009288426e+00,2.000000000000000000e+00
1.064523529660301948e+00,5.000000000000000000e-01,-1.020601711009288426e+00,2.000000000000000000e+00
1.058453777556140230e+00,5.000000000000000000e-01,-1.020601711009288426e+00,2.000000000000000000e+00
1.050717998201543102e+00,5.000000000000000000e-01,-1.020601711009288426e+00,2.000000000000000000e+00
1.116899264069795450e+00,5.000000000000000000e-01,-1.020601711009288426e+00,2.000000000000000000e+00
1.170755925639643813e+00,5.000000000000000000e-01,-1.020601711009288426e+00,2.000000000000000000e+00
1.133485166058558757e+00,5.000000000000000000e-01,-1.020601711009288426e+00,2.000000000000000000e+00
1.148614308884933655e+00,5.000000000000000000e-01,-1.020601711009288426e+00,2.000000000000000000e+00
1.166755389145878175e+00,5.000000000000000000e-01,-1.020601711009288426e+00,2.000000000000000000e+00
1.197930958913292487e+00,5.000000000000000000e-01,-1.020601711009288426e+00,2.000000000000000000e+00
1.151003806220515013e+00,5.000000000000000000e-01,-1.020601711009288426e+00,2.000000000000000000e+00
1.226795702793451293e+00,5.000000000000000000e-01,-1.020601711009288426e+00,2.000000000000000000e+00
1.169169503191153314e+00,5.000000000000000000e-01,-1.020601711009288426e+00,2.000000000000000000e+00
1.167382588431720825e+00,5.000000000000000000e-01,-1.020601711009288426e+00,2.000000000000000000e+00
1.175731314314217180e+00,5.000000000000000000e-01,-1.020601711009288426e+00,2.000000000000000000e+00
1.148313583129768389e+00,5.000000000000000000e-01,-1.020601711009288426e+00,2.000000000000000000e+00
1.069889262866211999e+00,5.000000000000000000e-01,-1.020601711009288426e+00,2.000000000000000000e+00
1.148089958567271696e+00,5.000000000000000000e-01,-1.020601711009288426e+00,2.000000000000000000e+00
1.097333210196453024e+00,5.000000000000000000e-01,-1.020601711009288426e+00,2.000000000000000000e+00
1.143118811884790365e+00,5.000000000000000000e-01,-1.020601711009288426e+00,2.000000000000000000e+00
1.088698091807554169e+00,5.000000000000000000e-01,-1.020601711009288426e+00,2.000000000000000000e+00
1.062849311084477000e+00,5.000000000000000000e-01,-1.020601711009288426e+00,2.000000000000000000e+00
1.033306632718140605e+00,5.000000000000000000e-01,-1.020601711009288426e+00,2.000000000000000000e+00
1.011972239002246310e+00,5.000000000000000000e-01,-1.020601711009288426e+00,2.000000000000000000e+00
9.415871987623137818e-01,5.000000000000000000e-01,-1.020601711009288426e+00,2.000000000000000000e+00
9.459547212359140644e-01,5.000000000000000000e-01,-1.020601711009288426e+00,2.000000000000000000e+00
9.748060828901524699e-01,5.000000000000000000e-01,-1.020601711009288426e+00,2.000000000000000000e+00
9.287440581097332615e-01,5.000000000000000000e-01,-1.020601711009288426e+00,2.000000000000000000e+00
9.225405615234004708e-01,5.000000000000000000e-01,-1.020601711009288426e+00,2.000000000000000000e+00
9.600180074399584651e-01,5.000000000000000000e-01,-1.020601711009288426e+00,2.000000000000000000e+00
8.954417604582795009e-01,5.000000000000000000e-01,-1.020601711009288426e+00,2.000000000000000000e+00
8.499493273650263747e-01,5.000000000000000000e-01,-1.020601711009288426e+00,2.000000000000000000e+00
8.282029448911878422e-01,5.000000000000000000e-01,-1.020601711009288426e+00,2.000000000000000000e+00
8.485364574364031576e-01,5.000000000000000000e-01,-1.020601711009288426e+00,2.000000000000000000e+00
8.625867696259701400e-01,5.000000000000000000e-01,-1.020601711009288426e+00,2.000000000000000000e+00
8.012736100372380710e-01,5.000000000000000000e-01,-1.020601711009288426e+00,2.000000000000000000e+00
7.943292486366638760e-01,5.000000000000000000e-01,-1.020601711009288426e+00,2.000000000000000000e+00
7.986548607411505518e-01,5.000000000000000000e-01,-1.020601711009288426e+00,2.000000000000000000e+00
8.824783091558424664e-01,5.000000000000000000e-01,-1.020601711009288426e+00,2.000000000000000000e+00
8.359742990801659612e-01,5.000000000000000000e-01,-1.020601711009288426e+00,2.000000000000000000e+00
8.284706454940699016e-01,5.000000000000000000e-01,-1.020601711009288426e+00,2.000000000000000000e+00
8.416130825758388889e-01,5.000000000000000000e-01,-1.020601711009288426e+00,2.000000000000000000e+00
8.920171860355368132e-01,5.000000000000000000e-01,-1.020601711009288426e+00,2.000000000000000000e+00
8.080280097131429251e-01,5.000000000000000000e-01,-1.020601711009288426e+00,2.000000000000000000e+00
9.642724514743685749e-01,5.000000000000000000e-01,-1.020601711009288426e+00,2.000000000000000000e+00
8.869904632995075922e-01,5.000000000000000000e-01,-1.020601711009288426e+00,2.000000000000000000e+00
8.843955226857473928e-01,5.000000000000000000e-01,-1.020601711009288426e+00,2.000000000000000000e+00
9.129940058572665329e-01,5.000000000000000000e-01,-1.020601711009288426e+00,2.000000000000000000e+00
1.047030326724168292e+00,5.000000000000000000e-01,-1.020601711009288426e+00,2.000000000000000000e+00
1.037832575589031858e+00,5.000000000000000000e-01,-1.020601711009288426e+00,2.000000000000000000e+00
1.022439941337751623e+00,5.000000000000000000e-01,-1.020601711009288426e+00,2.000000000000000000e+00
1.066470573157442425e+00,5.000000000000000000e-01,-1.020601711009288426e+00,2.000000000000000000e+00
1.024064055451709088e+00,5.000000000000000000e-01,-1.020601711009288426e+00,2.000000000000000000e+00
1.135965689291037251e+00,5.000000000000000000e-01,-1.020601711009288426e+00,2.000000000000000000e+00
1.073388547271273419e+00,5.000000000000000000e-01,-1.020601711009288426e+00,2.000000000000000000e+00
1.104563059191850716e+00,5.000000000000000000e-01,-1.020601711009288426e+00,2.000000000000000000e+00
1.075534602113481286e+00,5.000000000000000000e-01,-1.020601711009288426e+00,2.000000000000000000e+00
1.106121272546263912e+00,5.000000000000000000e-01,-1.020601711009288426e+00,2.000000000000000000e+00
1.134526726543304553e+00,5.000000000000000000e-01,-1.020601711009288426e+00,2.000000000000000000e+00
1.144788986884173632e+00,5.000000000000000000e-01,-1.020601711009288426e+00,2.000000000000000000e+00
1.102304334802908903e+00,5.000000000000000000e-01,-1.020601711009288426e+00,2.000000000000000000e+00
1.235389223378868140e+00,5.000000000000000000e-01,-1.020601711009288426e+00,2.000000000000000000e+00
1.137813820911387719e+00,5.000000000000000000e-01,-1.020601711009288426e+00,2.000000000000000000e+00
1.150051928971974391e+00,5.000000000000000000e-01,-1.020601711009288426e+00,2.000000000000000000e+00
1.193902355616790478e+00,5.000000000000000000e-01,-1.020601711009288426e+00,2.000000000000000000e+00
1.165187748063987172e+00,5.000000000000000000e-01,-1.020601711009288426e+00,2.000000000000000000e+00
1.167071438964810026e+00,5.000000000000000000e-01,-1.020601711009288426e+00,2.000000000000000000e+00
1.169263564013647727e+00,5.000000000000000000e-01,-1.020601711009288426e+00,2.000000000000000000e+00
1.154308195405834958e+00,5.000000000000000000e-01,-1.020601711009288426e+00,2.000000000000000000e+00
1.123393693978651742e+00,5.000000000000000000e-01,-1.020601711009288426e+00,2.000000000000000000e+00
1.110137869188678961e+00,5.000000000000000000e-01,-1.020601711009288426e+00,2.000000000000000000e+00
1.077556031384708124e+00,5.000000000000000000e-01,-1.020601711009288426e+00,2.000000000000000000e+00
1.110367243679708071e+00,5.000000000000000000e-01,-1.020601711009288426e+00,2.000000000000000000e+00
1.021213164198728762e+00,5.000000000000000000e-01,-1.020601711009288426e+00,2.000000000000000000e+00
1.018905683457249856e+00,5.000000000000000000e-01,-1.020601711009288426e+00,2.000000000000000000e+00
1.020931024364525541e+00,5.000000000000000000e-01,-1.020601711009288426e+00,2.000000000000000000e+00
9.591543193159195457e-01,5.000000000000000000e-01,-1.020601711009288426e+00,2.000000000000000000e+00
1.047297393185234515e+00,5.000000000000000000e-01,-1.020601711009288426e+00,2.000000000000000000e+00
9.275883340981397884e-01,5.000000000000000000e-01,-1.020601711009288426e+00,2.000000000000000000e+00
8.997875301830066119e-01,5.000000000000000000e-01,-1.020601711009288426e+00,2.000000000000000000e+00
9.852229485307646417e-01,5.000000000000000000e-01,-1.020601711009288426e+00,2.000000000000000000e+00
9.415100171847710087e-01,5.000000000000000000e-01,-1.020601711009288426e+00,2.000000000000000000e+00
8.874666808479388935e-01,5.000000000000000000e-01,-1.020601711009288426e+00,2.000000000000000000e+00
8.599354153948075563e-01,5.000000000000000000e-01,-1.020601711009288426e+00,2.000000000000000000e+00
8.065739642599447645e-01,5.000000000000000000e-01,-1.020601711009288426e+00,2.000000000000000000e+00
8.772220167011723913e-01,5.000000000000000000e-01,-1.020601711009288426e+00,2.000000000000000000e+00
8.098648074238028460e-01,5.000000000000000000e-01,-1.020601711009288426e+00,2.000000000000000000e+00
8.668162139129234056e-01,5.000000000000000000e-01,-1.020601711009288426e+00,2.000000000000000000e+00
8.077062881410014272e-01,5.000000000000000000e-01,-1.020601711009288426e+00,2.000000000000000000e+00
7.911942092540368288e-01,5.000000000000000000e-01,-1.020601711009288426e+00,2.000000000000000000e+00
7.655926098584108219e-01,5.000000000000000000e-01,-1.020601711009288426e+00,2.000000000000000000e+00
7.934542722701557471e-01,5.000000000000000000e-01,-1.020601711009288426e+00,2.000000000000000000e+00
8.423437561439913734e-01,5.000000000000000000e-01,-1.020601711009288426e+00,2.000000000000000000e+00
8.206335059794911402e-01,5.000000000000000000e-01,-1.020601711009288426e+00,2.000000000000000000e+00
8.319301082596889385e-01,5.000000000000000000e-01,-1.020601711009288426e+00,2.000000000000000000e+00
8.370997313718052668e-01,5.000000000000000000e-01,-1.020601711009288426e+00,2.000000000000000000e+00
8.078010774556662055e-01,5.000000000000000000e-01,-1.020601711009288426e+00,2.000000000000000000e+00
8.268325028129644982e-01,5.000000000000000000e-01,-1.020601711009288426e+00,2.000000000000000000e+00
8.513134567692451915e-01,5.000000000000000000e-01,-1.020601711009288426e+00,2.000000000000000000e+00
8.786418523660078916e-01,5.000000000000000000e-01,-1.020601711009288426e+00,2.000000000000000000e+00
9.538057395985397591e-01,5.000000000000000000e-01,-1.020601711009288426e+00,2.000000000000000000e+00
1.004840436693449579e+00,5.000000000000000000e-01,-1.020601711009288426e+00,2.000000000000000000e+00
9.161415884453696368e-01,5.000000000000000000e-01,-1.020601711009288426e+00,2.000000000000000000e+00
9.783877125690949583e-01,5.000000000000000000e-01,-1.020601711009288426e+00,2.000000000000000000e+00
9.783877125690949583e-01,5.000000000000000000e-01,-9.955891972286265990e-01,2.000000000000000000e+00
9.783877125690949583e-01,5.000000000000000000e-01,-9.585958341211211486e-01,2.000000000000000000e+00
9.783877125690949583e-01,5.000000000000000000e-01,-9.833353615735750397e-01,2.000000000000000000e+00
9.783877125690949583e-01,5.000000000000000000e-01,-8.898410261116582731e-01,2.000000000000000000e+00
9.783877125690949583e-01,5.000000000000000000e-01,-8.968826074705558149e-01,2.000000000000000000e+00
9.783877125690949583e-01,5.000000000000000000e-01,-8.367381778119220570e-01,2.000000000000000000e+00
9.783877125690949583e-01,5.000000000000000000e-01,-8.629801560105682112e-01,2.000000000000000000e+00
9.783877125690949583e-01,5.000000000000000000e-01,-8.362678675883514767e-01,2.000000000000000000e+00
9.783877125690949583e-01,5.000000000000000000e-01,-8.280378894017208502e-01,2.000000000000000000e+00
9.783877125690949583e-01,5.000000000000000000e-01,-7.954728900556565785e-01,2.000000000000000000e+00
9.783877125690949583e-01,5.000000000000000000e-01,-8.009637845318207106e-01,2.000000000000000000e+00
9.783877125690949583e-01,5.000000000000000000e-01,-8.394064223168474781e-01,2.000000000000000000e+00
9.783877125690949583e-01,5.000000000000000000e-01,-8.940539605640513976e-01,2.000000000000000000e+00
9.783877125690949583e-01,5.000000000000000000e-01,-9.111721147063566173e-01,2.000000000000000000e+00
9.783877125690949583e-01,5.000000000000000000e-01,-7.390996491557831893e-01,2.000000000000000000e+00
9.783877125690949583e-01,5.000000000000000000e-01,-7.859682028985149893e-01,2.000000000000000000e+00
9.783877125690949583e-01,5.000000000000000000e-01,-8.207109191243121549e-01,2.000000000000000000e+00
9.783877125690949583e-01,5.000000000000000000e-01,-7.659201291740175277e-01,2.000000000000000000e+00
9.783877125690949583e-01,5.000000000000000000e-01,-8.053918164653209866e-01,2.000000000000000000e+00
9.783877125690949583e-01,5.000000000000000000e-01,-8.178795914034209247e-01,2.000000000000000000e+00
9.783877125690949583e-01,5.000000000000000000e-01,-7.227636596811257697e-01,2.000000000000000000e+00
9.783877125690949583e-01,5.000000000000000000e-01,-7.338037951926056346e-01,2.000000000000000000e+00
9.783877125690949583e-01,5.000000000000000000e-01,-7.230057633021860219e-01,2.000000000000000000e+00
9.783877125690949583e-01,5.000000000000000000e-01,-7.791773501898850984e-01,2.000000000000000000e+00
9.783877125690949583e-01,5.000000000000000000e-01,-6.293046529970186542e-01,2.000000000000000000e+00
9.783877125690949583e-01,5.000000000000000000e-01,-7.792966421136650057e-01,2.000000000000000000e+00
9.783877125690949583e-01,5.000000000000000000e-01,-8.016577236425267428e-01,2.000000000000000000e+00
9.783877125690949583e-01,5.000000000000000000e-01,-8.110956182486557253e-01,2.000000000000000000e+00
9.783877125690949583e-01,5.000000000000000000e-01,-6.644989075016128899e-01,2.000000000000000000e+00
9.783877125690949583e-01,5.000000000000000000e-01,-6.735548383271692252e-01,2.000000000000000000e+00
9.783877125690949583e-01,5.000000000000000000e-01,-7.537703844736522996e-01,2.000000000000000000e+00
9.783877125690949583e-01,5.000000000000000000e-01,-6.534718789180533616e-01,2.000000000000000000e+00
9.783877125690949583e-01,5.000000000000000000e-01,-7.898983290591372608e-01,2.000000000000000000e+00
9.783877125690949583e-01,5.000000000000000000e-01,-7.428857243841759939e-01,2.000000000000000000e+00
9.783877125690949583e-01,5.000000000000000000e-01,-7.776373332279358230e-01,2.000000000000000000e+00
9.783877125690949583e-01,5.000000000000000000e-01,-8.080403476693694964e-01,2.000000000000000000e+00
9.783877125690949583e-01,5.000000000000000000e-01,-8.073519900792085480e-01,2.000000000000000000e+00
9.783877125690949583e-01,5.000000000000000000e-01,-7.656459090350361540e-01,2.000000000000000000e+00
9.783877125690949583e-01,5.000000000000000000e-01,-7.930568443806355061e-01,2.000000000000000000e+00
9.783877125690949583e-01,5.000000000000000000e-01,-7.140592162400664078e-01,2.000000000000000000e+00
9.783877125690949583e-01,5.000000000000000000e-01,-7.687879110194525412e-01,2.000000000000000000e+00
9.783877125690949583e-01,5.000000000000000000e-01,-8.302094253803794510e-01,2.000000000000000000e+00
9.783877125690949583e-01,5.000000000000000000e-01,-9.074219021971591248e-01,2.000000000000000000e+00
9.783877125690949583e-01,5.000000000000000000e-01,-8.710097102357050591e-01,2.000000000000000000e+00
9.783877125690949583e-01,5.000000000000000000e-01,-8.454986557017558635e-01,2.000000000000000000e+00
9.783877125690949583e-01,5.000000000000000000e-01,-9.110628920788641505e-01,2.000000000000000000e+00
9.783877125690949583e-01,5.000000000000000000e-01,-8.746589393512635979e-01,2.000000000000000000e+00
9.783877125690949583e-01,5.000000000000000000e-01,-1.046074878031275190e+00,2.000000000000000000e+00
9.783877125690949583e-01,5.000000000000000000e-01,-9.561832719115855861e-01,2.000000000000000000e+00
9.783877125690949583e-01,5.000000000000000000e-01,-8.901753735455997241e-01,2.000000000000000000e+00
9.783877125690949583e-01,5.000000000000000000e-01,-1.114836941228320999e+00,2.000000000000000000e+00
9.783877125690949583e-01,5.000000000000000000e-01,-1.009232511758777706e+00,2.000000000000000000e+00
9.783877125690949583e-01,5.000000000000000000e-01,-1.034695467311679717e+00,2.000000000000000000e+00
9.783877125690949583e-01,5.000000000000000000e-01,-1.070427897302594467e+00,2.000000000000000000e+00
9.783877125690949583e-01,5.000000000000000000e-01,-1.167372240358576896e+00,2.000000000000000000e+00
9.783877125690949583e-01,5.000000000000000000e-01,-1.201529814792460238e+00,2.000000000000000000e+00
9.783877125690949583e-01,5.000000000000000000e-01,-8.975999756423667097e-01,2.000000000000000000e+00
9.783877125690949583e-01,5.000000000000000000e-01,-1.164049542465186216e+00,2.000000000000000000e+00
9.783877125690949583e-01,5.000000000000000000e-01,-1.089171709983946190e+00,2.000000000000000000e+00
9.783877125690949583e-01,5.000000000000000000e-01,-1.179654956081578554e+00,2.000000000000000000e+00
9.783877125690949583e-01,5.000000000000000000e-01,-1.137858046157308900e+00,2.000000000000000000e+00
9.783877125690949583e-01,5.000000000000000000e-01,-1.032660742040801161e+00,2.000000000000000000e+00
9.783877125690949583e-01,5.000000000000000000e-01,-1.211284996717141293e+00,2.000000000000000000e+00
9.783877125690949583e-01,5.000000000000000000e-01,-1.138528228980764334e+00,2.000000000000000000e+00
9.783877125690949583e-01,5.000000000000000000e-01,-1.217016877349370585e+00,2.000000000000000000e+00
9.783877125690949583e-01,5.000000000000000000e-01,-1.187273586339230302e+00,2.000000000000000000e+00
9.783877125690949583e-01,5.000000000000000000e-01,-1.188474138959552118e+00,2.000000000000000000e+00
9.783877125690949583e-01,5.000000000000000000e-01,-1.093492261751982886e+00,2.000000000000000000e+00
9.783877125690949583e-01,5.000000000000000000e-01,-1.381444110838124129e+00,2.000000000000000000e+00
9.783877125690949583e-01,5.000000000000000000e-01,-1.057906036417432638e+00,2.000000000000000000e+00
9.783877125690949583e-01,5.000000000000000000e-01,-1.065058986620738279e+00,2.000000000000000000e+00
9.783877125690949583e-01,5.000000000000000000e-01,-1.045026825721543595e+00,2.000000000000000000e+00
9.783877125690949583e-01,5.000000000000000000e-01,-1.247511361501143945e+00,2.000000000000000000e+00
9.783877125690949583e-01,5.000000000000000000e-01,-1.355945742496098338e+00,2.000000000000000000e+00
9.783877125690949583e-01,5.000000000000000000e-01,-1.198430113476184333e+00,2.000000000000000000e+00
9.783877125690949583e-01,5.000000000000000000e-01,-1.512362163160852369e+00,2.000000000000000000e+00
9.783877125690949583e-01,5.000000000000000000e-01,-1.313113672345563865e+00,2.000000000000000000e+00
9.783877125690949583e-01,5.000000000000000000e-01,-1.540159991200024336e+00,2.000000000000000000e+00
9.783877125690949583e-01,5.000000000000000000e-01,-1.278464678714239522e+00,2.000000000000000000e+00
9.783877125690949583e-01,5.000000000000000000e-01,-1.165321782365031700e+00,2.000000000000000000e+00
9.783877125690949583e-01,5.000000000000000000e-01,-1.055264803643731764e+00,2.000000000000000000e+00
9.783877125690949583e-01,5.000000000000000000e-01,-1.348321867198418511e+00,2.000000000000000000e+00
9.783877125690949583e-01,5.000000000000000000e-01,-1.407270451533431554e+00,2.000000000000000000e+00
9.783877125690949583e-01,5.000000000000000000e-01,-1.219096950720464534e+00,2.000000000000000000e+00
9.783877125690949583e-01,5.000000000000000000e-01,-1.370999855674491785e+00,2.000000000000000000e+00
9.783877125690949583e-01,5.000000000000000000e-01,-1.365733862680623911e+00,2.000000000000000000e+00
9.783877125690949583e-01,5.000000000000000000e-01,-1.357211723491090760e+00,2.000000000000000000e+00
9.783877125690949583e-01,5.000000000000000000e-01,-1.226424942468583357e+00,2.000000000000000000e+00
9.783877125690949583e-01,5.000000000000000000e-01,-1.203387077908941949e+00,2.000000000000000000e+00
9.783877125690949583e-01,5.000000000000000000e-01,-8.050503563382378491e-01,2.000000000000000000e+00
9.783877125690949583e-01,5.000000000000000000e-01,-8.795508811917217562e-01,2.000000000000000000e+00
9.783877125690949583e-01,5.000000000000000000e-01,-1.176458853056911558e+00,2.000000000000000000e+00
9.783877125690949583e-01,5.000000000000000000e-01,-1.281992362024297893e+00,2.000000000000000000e+00
9.783877125690949583e-01,5.000000000000000000e-01,-8.366770277741619743e-01,2.000000000000000000e+00
9.783877125690949583e-01,5.000000000000000000e-01,-1.116747909728854848e+00,2.000000000000000000e+00
9.783877125690949583e-01,5.000000000000000000e-01,-8.670770218658609974e-01,2.000000000000000000e+00
9.783877125690949583e-01,5.000000000000000000e-01,-9.810044821386767477e-01,2.000000000000000000e+00
9.783877125690949583e-01,5.000000000000000000e-01,-1.192853056397032097e+00,2.000000000000000000e+00
9.783877125690949583e-01,5.000000000000000000e-01,-8.084780104800677325e-01,2.000000000000000000e+00
9.783877125690949583e-01,5.000000000000000000e-01,-1.119512261611975035e+00,2.000000000000000000e+00
9.783877125690949583e-01,5.000000000000000000e-01,-7.773215628201081140e-01,2.000000000000000000e+00
9.783877125690949583e-01,5.000000000000000000e-01,-1.175345491604301795e+00,2.000000000000000000e+00
9.783877125690949583e-01,5.000000000000000000e-01,-1.293438581040208479e+00,2.000000000000000000e+00
9.783877125690949583e-01,5.000000000000000000e-01,-1.391351604925542773e+00,2.000000000000000000e+00
9.783877125690949583e-01,5.000000000000000000e-01,-1.479327414073366320e+00,2.000000000000000000e+00
9.783877125690949583e-01,5.000000000000000000e-01,-1.553311982050701978e+00,2.000000000000000000e+00
9.783877125690949583e-01,5.000000000000000000e-01,-1.718043935542860501e+00,2.000000000000000000e+00
9.783877125690949583e-01,5.000000000000000000e-01,-8.017280762083444090e-01,2.000000000000000000e+00
9.783877125690949583e-01,5.000000000000000000e-01,-1.643598350090122562e+00,2.000000000000000000e+00
9.783877125690949583e-01,5.000000000000000000e-01,-7.340822740421150128e-01,2.000000000000000000e+00
9.783877125690949583e-01,5.000000000000000000e-01,-1.147217844660602504e+00,2.000000000000000000e+00
9.783877125690949583e-01,5.000000000000000000e-01,-8.485894347062336029e-01,2.000000000000000000e+00
9.783877125690949583e-01,5.000000000000000000e-01,-8.907514363314673611e-01,2.000000000000000000e+00
9.783877125690949583e-01,5.000000000000000000e-01,-8.201946941184969919e-01,2.000000000000000000e+00
9.783877125690949583e-01,5.000000000000000000e-01,-7.495992166860797612e-01,2.000000000000000000e+00
9.783877125690949583e-01,5.000000000000000000e-01,-6.782161882307630174e-01,2.000000000000000000e+00
9.783877125690949583e-01,5.000000000000000000e-01,-5.952614221935040861e-01,2.000000000000000000e+00
9.783877125690949583e-01,5.000000000000000000e-01,-5.825631132280086888e-01,2.000000000000000000e+00
9.783877125690949583e-01,5.000000000000000000e-01,-5.935894880958771935e-01,2.000000000000000000e+00
9.783877125690949583e-01,5.000000000000000000e-01,-6.288311527030245873e-01,2.000000000000000000e+00
9.783877125690949583e-01,5.000000000000000000e-01,-6.572668330331102871e-01,2.000000000000000000e+00
9.783877125690949583e-01,5.000000000000000000e-01,-1.233599012635501424e+00,2.000000000000000000e+00
9.783877125690949583e-01,5.000000000000000000e-01,-7.223915109333349793e-01,2.000000000000000000e+00
9.783877125690949583e-01,5.000000000000000000e-01,-1.000181703221115992e+00,2.000000000000000000e+00
9.783877125690949583e-01,5.000000000000000000e-01,-1.343436278568745701e+00,2.000000000000000000e+00
9.783877125690949583e-01,5.000000000000000000e-01,-7.140841191249497344e-01,2.000000000000000000e+00
9.783877125690949583e-01,5.000000000000000000e-01,-7.226620081884801428e-01,2.000000000000000000e+00
1.069830496073494341e+00,5.000000000000000000e-01,-7.226620081884801428e-01,2.000000000000000000e+00
6.334166837726101784e-01,5.000000000000000000e-01,-7.226620081884801428e-01,2.000000000000000000e+00
9.526033623118445037e-01,5.000000000000000000e-01,-7.226620081884801428e-01,2.000000000000000000e+00
1.062488271506980109e+00,5.000000000000000000e-01,-7.226620081884801428e-01,2.000000000000000000e+00
8.809703873064627100e-01,5.000000000000000000e-01,-7.226620081884801428e-01,2.000000000000000000e+00
4.150910227633544114e-01,5.000000000000000000e-01,-7.226620081884801428e-01,2.000000000000000000e+00
1.018955283917176491e+00,5.000000000000000000e-01,-7.226620081884801428e-01,2.000000000000000000e+00
1.013477701467496495e+00,5.000000000000000000e-01,-7.226620081884801428e-01,2.000000000000000000e+00
1.034284459233469899e+00,5.000000000000000000e-01,-7.226620081884801428e-01,2.000000000000000000e+00
1.112799101648979105e+00,5.000000000000000000e-01,-7.226620081884801428e-01,2.000000000000000000e+00
8.200572643666270700e-01,5.000000000000000000e-01,-7.226620081884801428e-01,2.000000000000000000e+00
1.037845279783911723e+00,5.000000000000000000e-01,-7.226620081884801428e-01,2.000000000000000000e+00
7.459988216084321166e-01,5.000000000000000000e-01,-7.226620081884801428e-01,2.000000000000000000e+00
9.649491210313555500e-01,5.000000000000000000e-01,-7.226620081884801428e-01,2.000000000000000000e+00
8.823402394074871813e-01,5.000000000000000000e-01,-7.226620081884801428e-01,2.000000000000000000e+00
8.887238039420655156e-01,5.000000000000000000e-01,-7.226620081884801428e-01,2.000000000000000000e+00
7.960394146053538789e-01,5.000000000000000000e-01,-7.226620081884801428e-01,2.000000000000000000e+00
9.695303195550309949e-01,5.000000000000000000e-01,-7.226620081884801428e-01,2.000000000000000000e+00
8.581743832393688987e-01,5.000000000000000000e-01,-7.226620081884801428e-01,2.000000000000000000e+00
8.902047456182152763e-01,5.000000000000000000e-01,-7.226620081884801428e-01,2.000000000000000000e+00
7.886418700705615237e-01,5.000000000000000000e-01,-7.226620081884801428e-01,2.000000000000000000e+00
8.083478354793557363e-01,5.000000000000000000e-01,-7.226620081884801428e-01,2.000000000000000000e+00
6.938234443191436673e-01,5.000000000000000000e-01,-7.226620081884801428e-01,2.000000000000000000e+00
8.312352064123971207e-01,5.000000000000000000e-01,-7.226620081884801428e-01,2.000000000000000000e+00
9.194322258353901933e-01,5.000000000000000000e-01,-7.226620081884801428e-01,2.000000000000000000e+00
8.918596537591717555e-01,5.000000000000000000e-01,-7.226620081884801428e-01,2.000000000000000000e+00
1.011970911355860370e+00,5.000000000000000000e-01,-7.226620081884801428e-01,2.000000000000000000e+00
1.106385228770723428e+00,5.000000000000000000e-01,-7.226620081884801428e-01,2.000000000000000000e+00
1.139047894751317402e+00,5.000000000000000000e-01,-7.226620081884801428e-01,2.000000000000000000e+00
9.867330770080047220e-01,5.000000000000000000e-01,-7.226620081884801428e-01,2.000000000000000000e+00
1.084547291149208670e+00,5.000000000000000000e-01,-7.226620081884801428e-01,2.000000000000000000e+00
9.830943239312524007e-01,5.000000000000000000e-01,-7.226620081884801428e-01,2.000000000000000000e+00
1.009166480367651442e+00,5.000000000000000000e-01,-7.226620081884801428e-01,2.000000000000000000e+00
9.353480738107657899e-01,5.000000000000000000e-01,-7.226620081884801428e-01,2.000000000000000000e+00
1.122305034339977858e+00,5.000000000000000000e-01,-7.226620081884801428e-01,2.000000000000000000e+00
1.129228286764489830e+00,5.000000000000000000e-01,-7.226620081884801428e-01,2.000000000000000000e+00
1.257984516468515501e+00,5.000000000000000000e-01,-7.226620081884801428e-01,2.000000000000000000e+00
1.274925286947601100e+00,5.000000000000000000e-01,-7.226620081884801428e-01,2.000000000000000000e+00
9.674213248612003602e-01,5.000000000000000000e-01,-7.226620081884801428e-01,2.000000000000000000e+00
1.119447120810752816e+00,5.000000000000000000e-01,-7.226620081884801428e-01,2.000000000000000000e+00
1.083627012127521994e+00,5.000000000000000000e-01,-7.226620081884801428e-01,2.000000000000000000e+00
1.093189419517522465e+00,5.000000000000000000e-01,-7.226620081884801428e-01,2.000000000000000000e+00
1.311872960352634898e+00,5.000000000000000000e-01,-7.226620081884801428e-01,2.000000000000000000e+00
1.289393903588661461e+00,5.000000000000000000e-01,-7.226620081884801428e-01,2.000000000000000000e+00
1.237567532711806528e+00,5.000000000000000000e-01,-7.226620081884801428e-01,2.000000000000000000e+00
1.209611427004379847e+00,5.000000000000000000e-01,-7.226620081884801428e-01,2.000000000000000000e+00
1.123657338425559704e+00,5.000000000000000000e-01,-7.226620081884801428e-01,2.000000000000000000e+00
1.149823222326172623e+00,5.000000000000000000e-01,-7.226620081884801428e-01,2.000000000000000000e+00
1.111062788463091255e+00,5.000000000000000000e-01,-7.226620081884801428e-01,2.000000000000000000e+00
1.065796183408605380e+00,5.000000000000000000e-01,-7.226620081884801428e-01,2.000000000000000000e+00
1.024829603527841027e+00,5.000000000000000000e-01,-7.226620081884801428e-01,2.000000000000000000e+00
1.076652014348666642e+00,5.000000000000000000e-01,-7.226620081884801428e-01,2.000000000000000000e+00
1.003107377571868408e+00,5.000000000000000000e-01,-7.226620081884801428e-01,2.000000000000000000e+00
1.014459013856346736e+00,5.000000000000000000e-01,-7.226620081884801428e-01,2.000000000000000000e+00
1.065000236574675574e+00,5.000000000000000000e-01,-7.226620081884801428e-01,2.000000000000000000e+00
7.973919805736133792e-01,5.000000000000000000e-01,-7.226620081884801428e-01,2.000000000000000000e+00
9.452571561522817856e-01,5.000000000000000000e-01,-7.226620081884801428e-01,2.000000000000000000e+00
1.082228651502870065e+00,5.000000000000000000e-01,-7.226620081884801428e-01,2.000000000000000000e+00
9.071587375354307481e-01,5.000000000000000000e-01,-7.226620081884801428e-01,2.000000000000000000e+00
7.832027152908352940e-01,5.000000000000000000e-01,-7.226620081884801428e-01,2.000000000000000000e+00
9.988339560633370251e-01,5.000000000000000000e-01,-7.226620081884801428e-01,2.000000000000000000e+00
8.430282043616409426e-01,5.000000000000000000e-01,-7.226620081884801428e-01,2.000000000000000000e+00
8.446645040653673053e-01,5.000000000000000000e-01,-7.226620081884801428e-01,2.000000000000000000e+00
9.106841818907243091e-01,5.000000000000000000e-01,-7.226620081884801428e-01,2.000000000000000000e+00
8.269479165514977970e-01,5.000000000000000000e-01,-7.226620081884801428e-01,2.000000000000000000e+00
8.094937574144335235e-01,5.000000000000000000e-01,-7.226620081884801428e-01,2.000000000000000000e+00
8.521498677374226283e-01,5.000000000000000000e-01,-7.226620081884801428e-01,2.000000000000000000e+00
8.784815677720801963e-01,5.000000000000000000e-01,-7.226620081884801428e-01,2.000000000000000000e+00
8.904635109773704205e-01,5.000000000000000000e-01,-7.226620081884801428e-01,2.000000000000000000e+00
7.232185289198781453e-01,5.000000000000000000e-01,-7.226620081884801428e-01,2.000000000000000000e+00
8.030523867797783044e-01,5.000000000000000000e-01,-7.226620081884801428e-01,2.000000000000000000e+00
8.719255788914455074e-01,5.000000000000000000e-01,-7.226620081884801428e-01,2.000000000000000000e+00
8.786949282485281287e-01,5.000000000000000000e-01,-7.226620081884801428e-01,2.000000000000000000e+00
9.141754532352767137e-01,5.000000000000000000e-01,-7.226620081884801428e-01,2.000000000000000000e+00
9.471576871025659816e-01,5.000000000000000000e-01,-7.226620081884801428e-01,2.000000000000000000e+00
9.466518849828602367e-01,5.000000000000000000e-01,-7.226620081884801428e-01,2.000000000000000000e+00
9.717192357235404643e-01,5.000000000000000000e-01,-7.226620081884801428e-01,2.000000000000000000e+00
1.007897310053129658e+00,5.000000000000000000e-01,-7.226620081884801428e-01,2.000000000000000000e+00
9.482244886638147019e-01,5.000000000000000000e-01,-7.226620081884801428e-01,2.000000000000000000e+00
9.641991561007302591e-01,5.000000000000000000e-01,-7.226620081884801428e-01,2.000000000000000000e+00
9.955645862001180069e-01,5.000000000000000000e-01,-7.226620081884801428e-01,2.000000000000000000e+00
9.025309885706270796e-01,5.000000000000000000e-01,-7.226620081884801428e-01,2.000000000000000000e+00
1.068130128779354981e+00,5.000000000000000000e-01,-7.226620081884801428e-01,2.000000000000000000e+00
1.044871353188063123e+00,5.000000000000000000e-01,-7.226620081884801428e-01,2.000000000000000000e+00
1.121401904024235119e+00,5.000000000000000000e-01,-7.226620081884801428e-01,2.000000000000000000e+00
1.128599572118362593e+00,5.000000000000000000e-01,-7.226620081884801428e-01,2.000000000000000000e+00
1.080945009992678507e+00,5.000000000000000000e-01,-7.226620081884801428e-01,2.000000000000000000e+00
1.088536546322590448e+00,5.000000000000000000e-01,-7.226620081884801428e-01,2.000000000000000000e+00
1.080993784262547441e+00,5.000000000000000000e-01,-7.226620081884801428e-01,2.000000000000000000e+00
1.249768225960751877e+00,5.000000000000000000e-01,-7.226620081884801428e-01,2.000000000000000000e+00
1.088259278396966456e+00,5.000000000000000000e-01,-7.226620081884801428e-01,2.000000000000000000e+00
1.107919337349141387e+00,5.000000000000000000e-01,-7.226620081884801428e-01,2.000000000000000000e+00
1.201557841860944720e+00,5.000000000000000000e-01,-7.226620081884801428e-01,2.000000000000000000e+00
1.141094226969613823e+00,5.000000000000000000e-01,-7.226620081884801428e-01,2.000000000000000000e+00
1.318555344393108619e+00,5.000000000000000000e-01,-7.226620081884801428e-01,2.000000000000000000e+00
1.145223731560681024e+00,5.000000000000000000e-01,-7.226620081884801428e-01,2.000000000000000000e+00
1.103819773737345189e+00,5.000000000000000000e-01,-7.226620081884801428e-01,2.000000000000000000e+00
1.087103306114064916e+00,5.000000000000000000e-01,-7.226620081884801428e-01,2.000000000000000000e+00
1.136715275304705397e+00,5.000000000000000000e-01,-7.226620081884801428e-01,2.000000000000000000e+00
1.074864559000462183e+00,5.000000000000000000e-01,-7.226620081884801428e-01,2.000000000000000000e+00
1.112176577985350079e+00,5.000000000000000000e-01,-7.226620081884801428e-01,2.000000000000000000e+00
1.125708122443153103e+00,5.000000000000000000e-01,-7.226620081884801428e-01,2.000000000000000000e+00
1.109214872464152180e+00,5.000000000000000000e-01,-7.226620081884801428e-01,2.000000000000000000e+00
1.006595795077198208e+00,5.000000000000000000e-01,-7.226620081884801428e-01,2.000000000000000000e+00
1.101388647815249033e+00,5.000000000000000000e-01,-7.226620081884801428e-01,2.000000000000000000e+00
9.635438276214458586e-01,5.000000000000000000e-01,-7.226620081884801428e-01,2.000000000000000000e+00
9.784568221053909776e-01,5.000000000000000000e-01,-7.226620081884801428e-01,2.000000000000000000e+00
9.875598619485438379e-01,5.000000000000000000e-01,-7.226620081884801428e-01,2.000000000000000000e+00
9.885773599860449012e-01,5.000000000000000000e-01,-7.226620081884801428e-01,2.000000000000000000e+00
1.001630034399596525e+00,5.000000000000000000e-01,-7.226620081884801428e-01,2.000000000000000000e+00
1.011191710192089754e+00,5.000000000000000000e-01,-7.226620081884801428e-01,2.000000000000000000e+00
9.668530626849229925e-01,5.000000000000000000e-01,-7.226620081884801428e-01,2.000000000000000000e+00
8.937413022121178940e-01,5.000000000000000000e-01,-7.226620081884801428e-01,2.000000000000000000e+00
9.084424136402310390e-01,5.000000000000000000e-01,-7.226620081884801428e-01,2.000000000000000000e+00
8.111004312304028740e-01,5.000000000000000000e-01,-7.226620081884801428e-01,2.000000000000000000e+00
8.298397385581669505e-01,5.000000000000000000e-01,-7.226620081884801428e-01,2.000000000000000000e+00
8.838795828041861036e-01,5.000000000000000000e-01,-7.226620081884801428e-01,2.000000000000000000e+00
8.056685335661625258e-01,5.000000000000000000e-01,-7.226620081884801428e-01,2.000000000000000000e+00
7.862266175936037937e-01,5.000000000000000000e-01,-7.226620081884801428e-01,2.000000000000000000e+00
7.954834790207281348e-01,5.000000000000000000e-01,-7.226620081884801428e-01,2.000000000000000000e+00
8.399994286812973998e-01,5.000000000000000000e-01,-7.226620081884801428e-01,2.000000000000000000e+00
8.533119483352067380e-01,5.000000000000000000e-01,-7.226620081884801428e-01,2.000000000000000000e+00
8.373480097913414966e-01,5.000000000000000000e-01,-7.226620081884801428e-01,2.000000000000000000e+00
8.191103486560158409e-01,5.000000000000000000e-01,-7.226620081884801428e-01,2.000000000000000000e+00
8.214239105110791028e-01,5.000000000000000000e-01,-7.226620081884801428e-01,2.000000000000000000e+00
8.170172748826870501e-01,5.000000000000000000e-01,-7.226620081884801428e-01,2.000000000000000000e+00
8.395197875461751780e-01,5.000000000000000000e-01,-7.226620081884801428e-01,2.000000000000000000e+00
8.395197875461751780e-01,5.000000000000000000e-01,-9.039421753094495360e-01,2.000000000000000000e+00
8.395197875461751780e-01,5.000000000000000000e-01,-9.286297948773402089e-01,2.000000000000000000e+00
8.395197875461751780e-01,5.000000000000000000e-01,-9.314681667865579717e-01,2.000000000000000000e+00
8.395197875461751780e-01,5.000000000000000000e-01,-9.500063244688945474e-01,2.000000000000000000e+00
8.395197875461751780e-01,5.000000000000000000e-01,-9.739127963596635462e-01,2.000000000000000000e+00
8.395197875461751780e-01,5.000000000000000000e-01,-9.812900196045473145e-01,2.000000000000000000e+00
8.395197875461751780e-01,5.000000000000000000e-01,-9.633051361754971786e-01,2.000000000000000000e+00
8.395197875461751780e-01,5.000000000000000000e-01,-1.008594940210771451e+00,2.000000000000000000e+00
8.395197875461751780e-01,5.000000000000000000e-01,-9.928409354433218592e-01,2.000000000000000000e+00
8.395197875461751780e-01,5.000000000000000000e-01,-1.039748632388995953e+00,2.000000000000000000e+00
8.395197875461751780e-01,5.000000000000000000e-01,-1.015737937664123791e+00,2.000000000000000000e+00
8.395197875461751780e-01,5.000000000000000000e-01,-1.024949503785150595e+00,2.000000000000000000e+00
8.395197875461751780e-01,5.000000000000000000e-01,-1.087777810173267135e+00,2.000000000000000000e+00
8.395197875461751780e-01,5.000000000000000000e-01,-1.140491227105572047e+00,2.000000000000000000e+00
8.395197875461751780e-01,5.000000000000000000e-01,-1.109740616738969843e+00,2.000000000000000000e+00
8.395197875461751780e-01,5.000000000000000000e-01,-1.110645711990441153e+00,2.000000000000000000e+00
8.395197875461751780e-01,5.000000000000000000e-01,-1.122819237719439034e+00,2.000000000000000000e+00
8.395197875461751780e-01,5.000000000000000000e-01,-1.146290932705424259e+00,2.000000000000000000e+00
8.395197875461751780e-01,5.000000000000000000e-01,-1.209852680377749623e+00,2.000000000000000000e+00
8.395197875461751780e-01,5.000000000000000000e-01,-1.141409156015096737e+00,2.000000000000000000e+00
8.395197875461751780e-01,5.000000000000000000e-01,-1.194650571383402582e+00,2.000000000000000000e+00
8.395197875461751780e-01,5.000000000000000000e-01,-1.241440796231694677e+00,2.000000000000000000e+00
8.395197875461751780e-01,5.000000000000000000e-01,-1.214474244589269114e+00,2.000000000000000000e+00
8.395197875461751780e-01,5.000000000000000000e-01,-1.175388537552364721e+00,2.000000000000000000e+00
8.395197875461751780e-01,5.000000000000000000e-01,-1.210710122035936420e+00,2.000000000000000000e+00
8.395197875461751780e-01,5.000000000000000000e-01,-1.193165486453865221e+00,2.000000000000000000e+00
8.395197875461751780e-01,5.000000000000000000e-01,-1.252329526535082227e+00,2.000000000000000000e+00
8.395197875461751780e-01,5.000000000000000000e-01,-1.244824434496189625e+00,2.000000000000000000e+00
8.395197875461751780e-01,5.000000000000000000e-01,-1.216600723219783076e+00,2.000000000000000000e+00
8.395197875461751780e-01,5.000000000000000000e-01,-1.254532191485408399e+00,2.000000000000000000e+00
8.395197875461751780e-01,5.000000000000000000e-01,-1.219204528488267547e+00,2.000000000000000000e+00
8.395197875461751780e-01,5.000000000000000000e-01,-1.206820943285168646e+00,2.000000000000000000e+00
8.395197875461751780e-01,5.000000000000000000e-01,-1.249154846575863287e+00,2.000000000000000000e+00
8.395197875461751780e-01,5.000000000000000000e-01,-1.262098573611200925e+00,2.000000000000000000e+00
8.395197875461751780e-01,5.000000000000000000e-01,-1.253928284091684997e+00,2.000000000000000000e+00
8.395197875461751780e-01,5.000000000000000000e-01,-1.247490541254012708e+00,2.000000000000000000e+00
8.395197875461751780e-01,5.000000000000000000e-01,-1.272515998035219864e+00,2.000000000000000000e+00
8.395197875461751780e-01,5.000000000000000000e-01,-1.246750347691101712e+00,2.000000000000000000e+00
8.395197875461751780e-01,5.000000000000000000e-01,-1.231973806417703710e+00,2.000000000000000000e+00
8.395197875461751780e-01,5.000000000000000000e-01,-1.219717009211585435e+00,2.000000000000000000e+00
8.395197875461751780e-01,5.000000000000000000e-01,-1.199671545109747939e+00,2.000000000000000000e+00
8.395197875461751780e-01,5.000000000000000000e-01,-1.238649679435749329e+00,2.000000000000000000e+00
8.395197875461751780e-01,5.000000000000000000e-01,-1.183168790072846033e+00,2.000000000000000000e+00
8.395197875461751780e-01,5.000000000000000000e-01,-1.225205429197039342e+00,2.000000000000000000e+00
8.395197875461751780e-01,5.000000000000000000e-01,-1.148634151986707153e+00,2.000000000000000000e+00
8.395197875461751780e-01,5.000000000000000000e-01,-1.162548577248351034e+00,2.000000000000000000e+00
8.395197875461751780e-01,5.000000000000000000e-01,-1.171200788220716271e+00,2.000000000000000000e+00
8.395197875461751780e-01,5.000000000000000000e-01,-1.132208317490681182e+00,2.000000000000000000e+00
8.395197875461751780e-01,5.000000000000000000e-01,-1.163672564711686785e+00,2.000000000000000000e+00
8.395197875461751780e-01,5.000000000000000000e-01,-1.124817657815574190e+00,2.000000000000000000e+00
8.395197875461751780e-01,5.000000000000000000e-01,-1.175515022195639858e+00,2.000000000000000000e+00
8.395197875461751780e-01,5.000000000000000000e-01,-1.098676725397062182e+00,2.000000000000000000e+00
8.395197875461751780e-01,5.000000000000000000e-01,-1.069892594275050346e+00,2.000000000000000000e+00
8.395197875461751780e-01,5.000000000000000000e-01,-1.087683333516991979e+00,2.000000000000000000e+00
8.395197875461751780e-01,5.000000000000000000e-01,-1.077564715073086044e+00,2.000000000000000000e+00
8.395197875461751780e-01,5.000000000000000000e-01,-1.107382513553271552e+00,2.000000000000000000e+00
8.395197875461751780e-01,5.000000000000000000e-01,-1.032899171657643222e+00,2.000000000000000000e+00
8.395197875461751780e-01,5.000000000000000000e-01,-1.023017210791370868e+00,2.000000000000000000e+00
8.395197875461751780e-01,5.000000000000000000e-01,-9.903434273735103321e-01,2.000000000000000000e+00
8.395197875461751780e-01,5.000000000000000000e-01,-9.844906005333831089e-01,2.000000000000000000e+00
8.395197875461751780e-01,5.000000000000000000e-01,-9.962787935323587085e-01,2.000000000000000000e+00
8.395197875461751780e-01,5.000000000000000000e-01,-9.826691068409197927e-01,2.000000000000000000e+00
8.395197875461751780e-01,5.000000000000000000e-01,-9.562576319438809147e-01,2.000000000000000000e+00
8.395197875461751780e-01,5.000000000000000000e-01,-9.410644773343972425e-01,2.000000000000000000e+00
8.395197875461751780e-01,5.000000000000000000e-01,-9.407115754579492561e-01,2.000000000000000000e+00
8.395197875461751780e-01,5.000000000000000000e-01,-9.116305405680331653e-01,2.000000000000000000e+00
8.395197875461751780e-01,5.000000000000000000e-01,-9.217917657047202118e-01,2.000000000000000000e+00
8.395197875461751780e-01,5.000000000000000000e-01,-8.660958471883719589e-01,2.000000000000000000e+00
8.395197875461751780e-01,5.000000000000000000e-01,-8.633681057073377962e-01,2.000000000000000000e+00
8.395197875461751780e-01,5.000000000000000000e-01,-8.612451820565250049e-01,2.000000000000000000e+00
8.395197875461751780e-01,5.000000000000000000e-01,-8.203035897704630264e-01,2.000000000000000000e+00
8.395197875461751780e-01,5.000000000000000000e-01,-7.887837153673106227e-01,2.000000000000000000e+00
8.395197875461751780e-01,5.000000000000000000e-01,-7.964295073104242784e-01,2.000000000000000000e+00
8.395197875461751780e-01,5.000000000000000000e-01,-8.414386232144863698e-01,2.000000000000000000e+00
8.395197875461751780e-01,5.000000000000000000e-01,-8.208506952044007932e-01,2.000000000000000000e+00
8.395197875461751780e-01,5.000000000000000000e-01,-8.103303180649306103e-01,2.000000000000000000e+00
8.395197875461751780e-01,5.000000000000000000e-01,-7.853890116296176060e-01,2.000000000000000000e+00
8.395197875461751780e-01,5.000000000000000000e-01,-7.824390731540928901e-01,2.000000000000000000e+00
8.395197875461751780e-01,5.000000000000000000e-01,-7.746816364503342767e-01,2.000000000000000000e+00
8.395197875461751780e-01,5.000000000000000000e-01,-7.149226215091473158e-01,2.000000000000000000e+00
8.395197875461751780e-01,5.000000000000000000e-01,-7.836991796513629316e-01,2.000000000000000000e+00
8.395197875461751780e-01,5.000000000000000000e-01,-7.328101614834248156e-01,2.000000000000000000e+00
8.395197875461751780e-01,5.000000000000000000e-01,-7.812571252637450225e-01,2.000000000000000000e+00
8.395197875461751780e-01,5.000000000000000000e-01,-6.949859162562033177e-01,2.000000000000000000e+00
8.395197875461751780e-01,5.000000000000000000e-01,-7.270573778713006474e-01,2.000000000000000000e+00
8.395197875461751780e-01,5.000000000000000000e-01,-7.184567137236971268e-01,2.000000000000000000e+00
8.395197875461751780e-01,5.000000000000000000e-01,-7.597176900574084124e-01,2.000000000000000000e+00
8.395197875461751780e-01,5.000000000000000000e-01,-7.422801741615823179e-01,2.000000000000000000e+00
8.395197875461751780e-01,5.000000000000000000e-01,-7.540063878838965117e-01,2.000000000000000000e+00
8.395197875461751780e-01,5.000000000000000000e-01,-7.165174059770469395e-01,2.000000000000000000e+00
8.395197875461751780e-01,5.000000000000000000e-01,-7.407709611897688173e-01,2.000000000000000000e+00
8.395197875461751780e-01,5.000000000000000000e-01,-7.564704309320006148e-01,2.000000000000000000e+00
8.395197875461751780e-01,5.000000000000000000e-01,-7.509475254960580326e-01,2.000000000000000000e+00
8.395197875461751780e-01,5.000000000000000000e-01,-8.058605591396387213e-01,2.000000000000000000e+00
8.395197875461751780e-01,5.000000000000000000e-01,-7.833234589491617772e-01,2.000000000000000000e+00
8.395197875461751780e-01,5.000000000000000000e-01,-8.232111831846637973e-01,2.000000000000000000e+00
8.395197875461751780e-01,5.000000000000000000e-01,-7.928639614501992172e-01,2.000000000000000000e+00
8.395197875461751780e-01,5.000000000000000000e-01,-8.318341920491394426e-01,2.000000000000000000e+00
8.395197875461751780e-01,5.000000000000000000e-01,-8.497259895816471342e-01,2.000000000000000000e+00
8.395197875461751780e-01,5.000000000000000000e-01,-8.601858260705126380e-01,2.000000000000000000e+00
8.395197875461751780e-01,5.000000000000000000e-01,-8.589029133329728616e-01,2.000000000000000000e+00
8.395197875461751780e-01,5.000000000000000000e-01,-8.564245476366414422e-01,2.000000000000000000e+00
8.395197875461751780e-01,5.000000000000000000e-01,-8.316178382356890220e-01,2.000000000000000000e+00
8.395197875461751780e-01,5.000000000000000000e-01,-8.962094140184789781e-01,2.000000000000000000e+00
8.395197875461751780e-01,5.000000000000000000e-01,-9.052578611828545618e-01,2.000000000000000000e+00
8.395197875461751780e-01,5.000000000000000000e-01,-9.161365497956253101e-01,2.000000000000000000e+00
8.395197875461751780e-01,5.000000000000000000e-01,-9.582391896964882472e-01,2.000000000000000000e+00
8.395197875461751780e-01,5.000000000000000000e-01,-9.303267659829465019e-01,2.000000000000000000e+00
9.407507920357731646e-01,5.000000000000000000e-01,-9.303267659829465019e-01,2.000000000000000000e+00
9.504743383495024567e-01,5.000000000000000000e-01,-9.303267659829465019e-01,2.000000000000000000e+00
9.783290115028396849e-01,5.000000000000000000e-01,-9.303267659829465019e-01,2.000000000000000000e+00
1.010473881358405102e+00,5.000000000000000000e-01,-9.303267659829465019e-01,2.000000000000000000e+00
1.013463060787844539e+00,5.000000000000000000e-01,-9.303267659829465019e-01,2.000000000000000000e+00
1.035828460536974305e+00,5.000000000000000000e-01,-9.303267659829465019e-01,2.000000000000000000e+00
1.050087385006136964e+00,5.000000000000000000e-01,-9.303267659829465019e-01,2.000000000000000000e+00
1.063235937921753527e+00,5.000000000000000000e-01,-9.303267659829465019e-01,2.000000000000000000e+00
1.076379957383723163e+00,5.000000000000000000e-01,-9.303267659829465019e-01,2.000000000000000000e+00
1.147963587049653844e+00,5.000000000000000000e-01,-9.303267659829465019e-01,2.000000000000000000e+00
1.115162191499575739e+00,5.000000000000000000e-01,-9.303267659829465019e-01,2.000000000000000000e+00
1.115162191499575739e+00,5.000000000000000000e-01,-1.087088487507015477e+00,2.000000000000000000e+00
1.115162191499575739e+00,5.000000000000000000e-01,-1.119602754761267693e+00,2.000000000000000000e+00
1.115162191499575739e+00,5.000000000000000000e-01,-1.131744934490632071e+00,2.000000000000000000e+00
1.115162191499575739e+00,5.000000000000000000e-01,-1.148865787544711470e+00,2.000000000000000000e+00
1.115162191499575739e+00,5.000000000000000000e-01,-1.180184500580585993e+00,2.000000000000000000e+00
1.115162191499575739e+00,5.000000000000000000e-01,-1.181544487632771867e+00,2.000000000000000000e+00
1.115162191499575739e+00,5.000000000000000000e-01,-1.201200845312718313e+00,2.000000000000000000e+00
1.115162191499575739e+00,5.000000000000000000e-01,-1.209459041508493371e+00,2.000000000000000000e+00
1.115162191499575739e+00,5.000000000000000000e-01,-1.211082664054116798e+00,2.000000000000000000e+00
